{"label":"temps","startZoom":4,"version":"6.2","startPosition":{"x":0,"y":0},"lines":null,"linesArray":[[1,0,-16.954374737909845,5.712807485600443,42.28594542051566,5.712807485600443,2,false],[0,2,42.28594542051566,5.712807485600443,72.23857383567366,-2.3129766068447033,1,false],[0,3,72.23857383567366,-2.3129766068447033,136.8451519337371,14.998303679840959,2,false],[0,4,136.8451519337371,14.998303679840959,172.37175096202407,14.998303679840959,1,false]]}