{"label":"temps","startZoom":4,"version":"6.2","startPosition":{"x":0,"y":0},"lines":null,"linesArray":[[0,6,-19.79279772816973,4.523216439976501,47.584990883108034,4.523216439976501,0,false],[0,7,47.584990883108034,4.523216439976501,88.23317796674874,27.991457974961982,2,false],[0,8,88.23317796674874,27.991457974961982,106.2417282377055,23.166080572707013,1,false],[0,9,106.2417282377055,23.166080572707013,171.75707180918113,23.166080572707013,0,false]]}