{"label":"temps","startZoom":4,"version":"6.2","startPosition":{"x":0,"y":0},"lines":null,"linesArray":[[0,0,-11.278473912886035,6.596826912994672,40.07727352148879,6.596826912994672,0,false],[0,1,40.07727352148879,6.596826912994672,64.61794776074353,31.13750085363936,2,false],[0,4,64.61794776074353,31.13750085363936,96.16037849428993,31.13750085363936,1,false],[0,5,96.16037849428993,31.13750085363936,129.03938217837052,39.94740326726294,2,false],[0,6,129.03938217837052,39.94740326726294,148.9948578678692,39.94740326726294,1,false]]}