{"label":"temps","startZoom":4,"version":"6.2","startPosition":{"x":0,"y":0},"lines":null,"linesArray":[[0,0,-12.043891268490803,5.748013521354487,25.89672169088645,5.748013521354487,0,false],[0,3,56.74483267812788,5.748013521354487,83.91179053603028,5.748013521354487,2,false],[0,5,83.91179053603028,5.748013521354487,100.9840578582472,1.1735124259087417,1,false],[0,23,221.15003311897073,78.10884846021148,304.31344080055976,78.10884846021148,0,false],[1,24,25.89672169088645,5.748013521354487,38.490212677977816,5.748013521354487,0,false],[0,25,38.490212677977816,5.748013521354487,56.74483267812788,5.748013521354487,0,false],[0,26,129.29700118046048,23.32590229799832,153.56080556400735,47.58970638630409,2,false],[0,27,153.56080556400735,47.58970638630409,183.61948223142204,55.64390445955062,1,false]]}