{"label":"temps","startZoom":4,"version":"6.2","startPosition":{"x":0,"y":0},"lines":null,"linesArray":[[0,10,-33.31047293025727,7.775319678649204,23.103819120305374,7.775319678649204,0,false],[0,14,23.103819120305374,7.775319678649204,23.103819120305374,29.83760188065987,0,false]]}