{"label":"temps","startZoom":4,"version":"6.2","startPosition":{"x":0,"y":0},"lines":null,"linesArray":[[0,0,-10.3198976144444,9.172877199129957,32.13737201805549,9.172877199129957,0,false],[0,1,32.13737201805549,9.172877199129957,55.7072714287729,32.74277632304967,2,false],[0,2,55.7072714287729,32.74277632304967,106.1859285270379,61.886642314076,3,false],[0,3,106.1859285270379,61.886642314076,154.68403756396532,61.886642314076,3,false],[0,4,154.68403756396532,61.886642314076,183.23678913035906,54.235954162743944,1,false],[0,5,184.5120294085089,55.943938315429875,206.1591849733451,68.44192929091028,0,false],[0,6,206.18121244675876,70.08701018536803,280.8668044296081,70.08701018536803,0,false]]}